cfg_id,class_name,label,num_nodes
0,security/src/main/java/org/apache/hadoop/hbase/ipc/SecureClient,1,69
1,security/src/main/java/org/apache/hadoop/hbase/ipc/SecureConnectionHeader,0,94
2,security/src/main/java/org/apache/hadoop/hbase/ipc/SecureRpcEngine,0,134
3,security/src/main/java/org/apache/hadoop/hbase/ipc/SecureServer,0,95
4,security/src/main/java/org/apache/hadoop/hbase/security/access/AccessControlFilter,0,34
5,security/src/main/java/org/apache/hadoop/hbase/security/access/AccessController,3,903
6,security/src/main/java/org/apache/hadoop/hbase/security/access/AccessControllerProtocol,0,0
7,security/src/main/java/org/apache/hadoop/hbase/security/access/AccessControlLists,0,495
8,security/src/main/java/org/apache/hadoop/hbase/security/access/Permission,0,226
9,security/src/main/java/org/apache/hadoop/hbase/security/access/TableAuthManager,0,507
10,security/src/main/java/org/apache/hadoop/hbase/security/access/TablePermission,0,262
11,security/src/main/java/org/apache/hadoop/hbase/security/access/UserPermission,0,83
12,security/src/main/java/org/apache/hadoop/hbase/security/access/ZKPermissionWatcher,0,185
13,security/src/main/java/org/apache/hadoop/hbase/security/AccessDeniedException,0,20
14,security/src/main/java/org/apache/hadoop/hbase/security/HBasePolicyProvider,0,27
15,security/src/main/java/org/apache/hadoop/hbase/security/HBaseSaslRpcClient,0,259
16,security/src/main/java/org/apache/hadoop/hbase/security/HBaseSaslRpcServer,0,69
17,security/src/main/java/org/apache/hadoop/hbase/security/token/AuthenticationKey,0,101
18,security/src/main/java/org/apache/hadoop/hbase/security/token/AuthenticationProtocol,0,0
19,security/src/main/java/org/apache/hadoop/hbase/security/token/AuthenticationTokenIdentifier,0,150
20,security/src/main/java/org/apache/hadoop/hbase/security/token/AuthenticationTokenSecretManager,2,305
21,security/src/main/java/org/apache/hadoop/hbase/security/token/AuthenticationTokenSelector,0,22
22,security/src/main/java/org/apache/hadoop/hbase/security/token/TokenProvider,0,77
23,security/src/main/java/org/apache/hadoop/hbase/security/token/TokenUtil,0,185
24,security/src/main/java/org/apache/hadoop/hbase/security/token/ZKSecretWatcher,0,318
25,security/src/test/java/org/apache/hadoop/hbase/security/access/SecureTestUtil,0,24
26,security/src/test/java/org/apache/hadoop/hbase/security/access/TestAccessControlFilter,0,121
27,security/src/test/java/org/apache/hadoop/hbase/security/access/TestAccessController,3,1081
28,security/src/test/java/org/apache/hadoop/hbase/security/access/TestTablePermissions,0,584
29,security/src/test/java/org/apache/hadoop/hbase/security/access/TestZKPermissionsWatcher,0,185
30,security/src/test/java/org/apache/hadoop/hbase/security/token/TestTokenAuthentication,0,67
31,security/src/test/java/org/apache/hadoop/hbase/security/token/TestZKSecretWatcher,0,331
32,src/examples/mapreduce/org/apache/hadoop/hbase/mapreduce/IndexBuilder,0,0
33,src/examples/mapreduce/org/apache/hadoop/hbase/mapreduce/SampleUploader,0,0
35,src/examples/thrift/DemoClient,0,0
37,src/examples/thrift2/DemoClient,0,0
39,src/main/java/org/apache/hadoop/hbase/Abortable,0,0
40,src/main/java/org/apache/hadoop/hbase/avro/AvroServer,0,76
41,src/main/java/org/apache/hadoop/hbase/avro/AvroUtil,0,566
42,src/main/java/org/apache/hadoop/hbase/catalog/CatalogTracker,5,514
43,src/main/java/org/apache/hadoop/hbase/catalog/MetaEditor,0,266
44,src/main/java/org/apache/hadoop/hbase/catalog/MetaMigrationRemovingHTD,0,185
45,src/main/java/org/apache/hadoop/hbase/catalog/MetaReader,0,428
46,src/main/java/org/apache/hadoop/hbase/catalog/RootLocationEditor,0,36
47,src/main/java/org/apache/hadoop/hbase/Chore,0,82
48,src/main/java/org/apache/hadoop/hbase/client/AbstractClientScanner,0,7
49,src/main/java/org/apache/hadoop/hbase/client/Action,0,66
50,src/main/java/org/apache/hadoop/hbase/client/Append,0,148
51,src/main/java/org/apache/hadoop/hbase/client/Attributes,0,0
52,src/main/java/org/apache/hadoop/hbase/client/ClientScanner,1,371
53,src/main/java/org/apache/hadoop/hbase/client/ConnectionUtils,0,17
54,src/main/java/org/apache/hadoop/hbase/client/coprocessor/AggregationClient,1,313
55,src/main/java/org/apache/hadoop/hbase/client/coprocessor/Batch,0,45
56,src/main/java/org/apache/hadoop/hbase/client/coprocessor/Exec,0,114
57,src/main/java/org/apache/hadoop/hbase/client/coprocessor/ExecResult,2,36
58,src/main/java/org/apache/hadoop/hbase/client/coprocessor/LongColumnInterpreter,0,159
59,src/main/java/org/apache/hadoop/hbase/client/coprocessor/package-info,0,0
60,src/main/java/org/apache/hadoop/hbase/client/Delete,0,252
61,src/main/java/org/apache/hadoop/hbase/client/Get,0,376
62,src/main/java/org/apache/hadoop/hbase/client/HBaseAdmin,6,1355
63,src/main/java/org/apache/hadoop/hbase/client/HConnection,2,0
64,src/main/java/org/apache/hadoop/hbase/client/HConnectionManager,18,202
65,src/main/java/org/apache/hadoop/hbase/client/HTable,4,902
66,src/main/java/org/apache/hadoop/hbase/client/HTableFactory,0,17
67,src/main/java/org/apache/hadoop/hbase/client/HTableInterface,1,0
68,src/main/java/org/apache/hadoop/hbase/client/HTableInterfaceFactory,0,0
69,src/main/java/org/apache/hadoop/hbase/client/HTablePool,0,165
70,src/main/java/org/apache/hadoop/hbase/client/HTableUtil,0,77
71,src/main/java/org/apache/hadoop/hbase/client/Increment,0,307
72,src/main/java/org/apache/hadoop/hbase/client/IsolationLevel,0,45
73,src/main/java/org/apache/hadoop/hbase/client/MetaScanner,0,217
74,src/main/java/org/apache/hadoop/hbase/client/metrics/ScanMetrics,0,147
75,src/main/java/org/apache/hadoop/hbase/client/MultiAction,0,103
76,src/main/java/org/apache/hadoop/hbase/client/MultiPut,0,240
77,src/main/java/org/apache/hadoop/hbase/client/MultiPutResponse,0,56
78,src/main/java/org/apache/hadoop/hbase/client/MultiResponse,0,157
79,src/main/java/org/apache/hadoop/hbase/client/Mutation,0,159
80,src/main/java/org/apache/hadoop/hbase/client/NoServerForRegionException,0,7
81,src/main/java/org/apache/hadoop/hbase/client/Operation,0,27
82,src/main/java/org/apache/hadoop/hbase/client/OperationWithAttributes,0,119
83,src/main/java/org/apache/hadoop/hbase/client/package-info,0,0
84,src/main/java/org/apache/hadoop/hbase/client/Put,0,408
85,src/main/java/org/apache/hadoop/hbase/client/RegionOfflineException,0,7
86,src/main/java/org/apache/hadoop/hbase/client/replication/ReplicationAdmin,0,95
87,src/main/java/org/apache/hadoop/hbase/client/Result,3,616
88,src/main/java/org/apache/hadoop/hbase/client/ResultScanner,0,0
89,src/main/java/org/apache/hadoop/hbase/client/RetriesExhaustedException,0,61
90,src/main/java/org/apache/hadoop/hbase/client/RetriesExhaustedWithDetailsException,2,156
91,src/main/java/org/apache/hadoop/hbase/client/Row,0,0
92,src/main/java/org/apache/hadoop/hbase/client/RowLock,0,22
93,src/main/java/org/apache/hadoop/hbase/client/RowMutations,0,111
94,src/main/java/org/apache/hadoop/hbase/client/Scan,0,616
95,src/main/java/org/apache/hadoop/hbase/client/ScannerCallable,1,186
96,src/main/java/org/apache/hadoop/hbase/client/ScannerTimeoutException,0,7
97,src/main/java/org/apache/hadoop/hbase/client/ServerCallable,0,201
98,src/main/java/org/apache/hadoop/hbase/client/UnmodifyableHColumnDescriptor,0,41
99,src/main/java/org/apache/hadoop/hbase/client/UnmodifyableHRegionInfo,0,14
100,src/main/java/org/apache/hadoop/hbase/client/UnmodifyableHTableDescriptor,0,63
101,src/main/java/org/apache/hadoop/hbase/ClockOutOfSyncException,0,4
102,src/main/java/org/apache/hadoop/hbase/ClusterStatus,3,348
103,src/main/java/org/apache/hadoop/hbase/constraint/BaseConstraint,0,3
104,src/main/java/org/apache/hadoop/hbase/constraint/Constraint,0,0
105,src/main/java/org/apache/hadoop/hbase/constraint/ConstraintException,0,12
106,src/main/java/org/apache/hadoop/hbase/constraint/ConstraintProcessor,0,62
107,src/main/java/org/apache/hadoop/hbase/constraint/Constraints,1,348
108,src/main/java/org/apache/hadoop/hbase/constraint/package-info,0,0
109,src/main/java/org/apache/hadoop/hbase/Coprocessor,0,0
110,src/main/java/org/apache/hadoop/hbase/coprocessor/AggregateImplementation,0,385
111,src/main/java/org/apache/hadoop/hbase/coprocessor/AggregateProtocol,0,0
112,src/main/java/org/apache/hadoop/hbase/coprocessor/BaseEndpointCoprocessor,0,24
113,src/main/java/org/apache/hadoop/hbase/coprocessor/BaseMasterObserver,0,137
114,src/main/java/org/apache/hadoop/hbase/coprocessor/BaseRegionObserver,0,165
115,src/main/java/org/apache/hadoop/hbase/coprocessor/ColumnInterpreter,0,0
116,src/main/java/org/apache/hadoop/hbase/coprocessor/CoprocessorException,0,20
117,src/main/java/org/apache/hadoop/hbase/coprocessor/CoprocessorHost,3,413
118,src/main/java/org/apache/hadoop/hbase/coprocessor/MasterCoprocessorEnvironment,0,0
119,src/main/java/org/apache/hadoop/hbase/coprocessor/MasterObserver,0,0
120,src/main/java/org/apache/hadoop/hbase/coprocessor/MultiRowMutationEndpoint,0,42
121,src/main/java/org/apache/hadoop/hbase/coprocessor/MultiRowMutationProtocol,0,0
122,src/main/java/org/apache/hadoop/hbase/coprocessor/ObserverContext,0,32
123,src/main/java/org/apache/hadoop/hbase/coprocessor/package-info,0,0
124,src/main/java/org/apache/hadoop/hbase/coprocessor/RegionCoprocessorEnvironment,0,0
125,src/main/java/org/apache/hadoop/hbase/coprocessor/RegionObserver,0,0
126,src/main/java/org/apache/hadoop/hbase/coprocessor/WALCoprocessorEnvironment,0,0
127,src/main/java/org/apache/hadoop/hbase/coprocessor/WALObserver,0,0
128,src/main/java/org/apache/hadoop/hbase/CoprocessorEnvironment,0,0
129,src/main/java/org/apache/hadoop/hbase/DoNotRetryIOException,0,12
130,src/main/java/org/apache/hadoop/hbase/DroppedSnapshotException,0,7
131,src/main/java/org/apache/hadoop/hbase/EmptyWatcher,0,10
132,src/main/java/org/apache/hadoop/hbase/executor/EventHandler,0,101
133,src/main/java/org/apache/hadoop/hbase/executor/ExecutorService,1,210
134,src/main/java/org/apache/hadoop/hbase/executor/RegionTransitionData,0,125
135,src/main/java/org/apache/hadoop/hbase/filter/BinaryComparator,0,16
136,src/main/java/org/apache/hadoop/hbase/filter/BinaryPrefixComparator,0,23
137,src/main/java/org/apache/hadoop/hbase/filter/BitComparator,0,72
138,src/main/java/org/apache/hadoop/hbase/filter/ColumnCountGetFilter,0,83
139,src/main/java/org/apache/hadoop/hbase/filter/ColumnPaginationFilter,0,107
140,src/main/java/org/apache/hadoop/hbase/filter/ColumnPrefixFilter,0,108
141,src/main/java/org/apache/hadoop/hbase/filter/ColumnRangeFilter,0,199
142,src/main/java/org/apache/hadoop/hbase/filter/CompareFilter,0,134
143,src/main/java/org/apache/hadoop/hbase/filter/DependentColumnFilter,0,224
144,src/main/java/org/apache/hadoop/hbase/filter/FamilyFilter,0,33
145,src/main/java/org/apache/hadoop/hbase/filter/Filter,0,0
146,src/main/java/org/apache/hadoop/hbase/filter/FilterBase,0,37
147,src/main/java/org/apache/hadoop/hbase/filter/FilterList,0,370
148,src/main/java/org/apache/hadoop/hbase/filter/FirstKeyOnlyFilter,0,36
149,src/main/java/org/apache/hadoop/hbase/filter/InclusiveStopFilter,0,72
150,src/main/java/org/apache/hadoop/hbase/filter/IncompatibleFilterException,0,7
151,src/main/java/org/apache/hadoop/hbase/filter/InvalidRowFilterException,0,7
152,src/main/java/org/apache/hadoop/hbase/filter/KeyOnlyFilter,0,37
153,src/main/java/org/apache/hadoop/hbase/filter/MultipleColumnPrefixFilter,0,193
154,src/main/java/org/apache/hadoop/hbase/filter/NullComparator,0,24
155,src/main/java/org/apache/hadoop/hbase/filter/package-info,0,0
156,src/main/java/org/apache/hadoop/hbase/filter/PageFilter,0,88
157,src/main/java/org/apache/hadoop/hbase/filter/ParseConstants,0,138
158,src/main/java/org/apache/hadoop/hbase/filter/ParseFilter,0,985
159,src/main/java/org/apache/hadoop/hbase/filter/PrefixFilter,0,82
160,src/main/java/org/apache/hadoop/hbase/filter/QualifierFilter,0,31
161,src/main/java/org/apache/hadoop/hbase/filter/RandomRowFilter,0,73
162,src/main/java/org/apache/hadoop/hbase/filter/RegexStringComparator,0,62
163,src/main/java/org/apache/hadoop/hbase/filter/RowFilter,0,44
164,src/main/java/org/apache/hadoop/hbase/filter/SingleColumnValueExcludeFilter,0,45
165,src/main/java/org/apache/hadoop/hbase/filter/SingleColumnValueFilter,0,278
166,src/main/java/org/apache/hadoop/hbase/filter/SkipFilter,0,92
167,src/main/java/org/apache/hadoop/hbase/filter/SubstringComparator,0,40
168,src/main/java/org/apache/hadoop/hbase/filter/TimestampsFilter,0,154
169,src/main/java/org/apache/hadoop/hbase/filter/ValueFilter,0,30
170,src/main/java/org/apache/hadoop/hbase/filter/WhileMatchFilter,0,111
171,src/main/java/org/apache/hadoop/hbase/filter/WritableByteArrayComparable,0,31
172,src/main/java/org/apache/hadoop/hbase/fs/HFileSystem,5,89
173,src/main/java/org/apache/hadoop/hbase/HBaseConfiguration,2,72
174,src/main/java/org/apache/hadoop/hbase/HColumnDescriptor,2,735
175,src/main/java/org/apache/hadoop/hbase/HConstants,3,98
176,src/main/java/org/apache/hadoop/hbase/HDFSBlocksDistribution,0,132
177,src/main/java/org/apache/hadoop/hbase/HRegionInfo,8,854
178,src/main/java/org/apache/hadoop/hbase/HRegionLocation,0,91
179,src/main/java/org/apache/hadoop/hbase/HServerAddress,0,172
180,src/main/java/org/apache/hadoop/hbase/HServerInfo,0,141
181,src/main/java/org/apache/hadoop/hbase/HServerLoad,1,300
182,src/main/java/org/apache/hadoop/hbase/HTableDescriptor,0,1155
183,src/main/java/org/apache/hadoop/hbase/InvalidFamilyOperationException,0,11
184,src/main/java/org/apache/hadoop/hbase/io/CodeToClassAndBack,0,16
185,src/main/java/org/apache/hadoop/hbase/io/DataOutputOutputStream,0,30
186,src/main/java/org/apache/hadoop/hbase/io/DoubleOutputStream,0,49
187,src/main/java/org/apache/hadoop/hbase/io/encoding/BufferedDataBlockEncoder,0,54
188,src/main/java/org/apache/hadoop/hbase/io/encoding/CompressionState,0,94
189,src/main/java/org/apache/hadoop/hbase/io/encoding/CopyKeyDataBlockEncoder,0,48
190,src/main/java/org/apache/hadoop/hbase/io/encoding/DataBlockEncoder,0,0
191,src/main/java/org/apache/hadoop/hbase/io/encoding/DataBlockEncoding,0,196
192,src/main/java/org/apache/hadoop/hbase/io/encoding/DiffKeyDeltaEncoder,0,225
193,src/main/java/org/apache/hadoop/hbase/io/encoding/EncodedDataBlock,0,125
194,src/main/java/org/apache/hadoop/hbase/io/encoding/EncoderBufferTooSmallException,0,4
195,src/main/java/org/apache/hadoop/hbase/io/encoding/FastDiffDeltaEncoder,0,229
196,src/main/java/org/apache/hadoop/hbase/io/encoding/PrefixKeyDeltaEncoder,0,131
197,src/main/java/org/apache/hadoop/hbase/io/HalfStoreFileReader,1,37
198,src/main/java/org/apache/hadoop/hbase/io/HbaseMapWritable,0,224
199,src/main/java/org/apache/hadoop/hbase/io/HbaseObjectWritable,4,828
200,src/main/java/org/apache/hadoop/hbase/io/HeapSize,0,0
201,src/main/java/org/apache/hadoop/hbase/io/hfile/AbstractHFileReader,0,146
202,src/main/java/org/apache/hadoop/hbase/io/hfile/AbstractHFileWriter,0,168
203,src/main/java/org/apache/hadoop/hbase/io/hfile/BlockCache,0,0
204,src/main/java/org/apache/hadoop/hbase/io/hfile/BlockCacheColumnFamilySummary,0,182
205,src/main/java/org/apache/hadoop/hbase/io/hfile/BlockCacheKey,0,101
206,src/main/java/org/apache/hadoop/hbase/io/hfile/BlockType,0,248
207,src/main/java/org/apache/hadoop/hbase/io/hfile/BoundedRangeFileInputStream,0,151
208,src/main/java/org/apache/hadoop/hbase/io/hfile/Cacheable,0,0
209,src/main/java/org/apache/hadoop/hbase/io/hfile/CacheableDeserializer,0,0
210,src/main/java/org/apache/hadoop/hbase/io/hfile/CacheConfig,0,240
211,src/main/java/org/apache/hadoop/hbase/io/hfile/CachedBlock,0,85
212,src/main/java/org/apache/hadoop/hbase/io/hfile/CachedBlockQueue,0,69
213,src/main/java/org/apache/hadoop/hbase/io/hfile/CacheStats,0,222
214,src/main/java/org/apache/hadoop/hbase/io/hfile/ChecksumUtil,0,147
215,src/main/java/org/apache/hadoop/hbase/io/hfile/Compression,2,60
216,src/main/java/org/apache/hadoop/hbase/io/hfile/DoubleBlockCache,0,169
217,src/main/java/org/apache/hadoop/hbase/io/hfile/FixedFileTrailer,0,526
218,src/main/java/org/apache/hadoop/hbase/io/hfile/HFile,4,220
219,src/main/java/org/apache/hadoop/hbase/io/hfile/HFileBlock,7,753
220,src/main/java/org/apache/hadoop/hbase/io/hfile/HFileBlockIndex,4,11
221,src/main/java/org/apache/hadoop/hbase/io/hfile/HFileDataBlockEncoder,0,0
222,src/main/java/org/apache/hadoop/hbase/io/hfile/HFileDataBlockEncoderImpl,1,225
223,src/main/java/org/apache/hadoop/hbase/io/hfile/HFilePrettyPrinter,2,547
224,src/main/java/org/apache/hadoop/hbase/io/hfile/HFileReaderV1,5,464
225,src/main/java/org/apache/hadoop/hbase/io/hfile/HFileReaderV2,9,373
226,src/main/java/org/apache/hadoop/hbase/io/hfile/HFileScanner,0,0
227,src/main/java/org/apache/hadoop/hbase/io/hfile/HFileWriterV1,0,345
228,src/main/java/org/apache/hadoop/hbase/io/hfile/HFileWriterV2,3,424
229,src/main/java/org/apache/hadoop/hbase/io/hfile/InlineBlockWriter,0,0
230,src/main/java/org/apache/hadoop/hbase/io/hfile/InvalidHFileException,0,7
231,src/main/java/org/apache/hadoop/hbase/io/hfile/LruBlockCache,0,702
232,src/main/java/org/apache/hadoop/hbase/io/hfile/NoOpDataBlockEncoder,0,45
233,src/main/java/org/apache/hadoop/hbase/io/hfile/ReusableStreamGzipCodec,2,18
234,src/main/java/org/apache/hadoop/hbase/io/hfile/SimpleBlockCache,0,91
235,src/main/java/org/apache/hadoop/hbase/io/hfile/slab/SingleSizeCache,1,366
236,src/main/java/org/apache/hadoop/hbase/io/hfile/slab/Slab,0,103
237,src/main/java/org/apache/hadoop/hbase/io/hfile/slab/SlabCache,0,312
238,src/main/java/org/apache/hadoop/hbase/io/hfile/slab/SlabItemActionWatcher,0,0
239,src/main/java/org/apache/hadoop/hbase/io/ImmutableBytesWritable,0,194
240,src/main/java/org/apache/hadoop/hbase/io/Reference,0,75
241,src/main/java/org/apache/hadoop/hbase/io/TimeRange,0,135
242,src/main/java/org/apache/hadoop/hbase/io/WritableWithSize,0,0
243,src/main/java/org/apache/hadoop/hbase/ipc/ConnectionHeader,0,35
244,src/main/java/org/apache/hadoop/hbase/ipc/CoprocessorProtocol,0,0
245,src/main/java/org/apache/hadoop/hbase/ipc/Delayable,0,0
246,src/main/java/org/apache/hadoop/hbase/ipc/ExecRPCInvoker,0,71
247,src/main/java/org/apache/hadoop/hbase/ipc/HBaseClient,3,324
248,src/main/java/org/apache/hadoop/hbase/ipc/HBaseRPC,6,218
249,src/main/java/org/apache/hadoop/hbase/ipc/HBaseRPCErrorHandler,0,0
250,src/main/java/org/apache/hadoop/hbase/ipc/HBaseRpcMetrics,0,206
251,src/main/java/org/apache/hadoop/hbase/ipc/HBaseRPCStatistics,0,21
252,src/main/java/org/apache/hadoop/hbase/ipc/HBaseServer,0,481
253,src/main/java/org/apache/hadoop/hbase/ipc/HMasterInterface,0,0
254,src/main/java/org/apache/hadoop/hbase/ipc/HMasterRegionInterface,0,0
255,src/main/java/org/apache/hadoop/hbase/ipc/HRegionInterface,1,0
256,src/main/java/org/apache/hadoop/hbase/ipc/Invocation,0,190
257,src/main/java/org/apache/hadoop/hbase/ipc/ProtocolSignature,0,153
258,src/main/java/org/apache/hadoop/hbase/ipc/RequestContext,0,74
259,src/main/java/org/apache/hadoop/hbase/ipc/ResponseFlag,0,19
260,src/main/java/org/apache/hadoop/hbase/ipc/RpcEngine,0,0
261,src/main/java/org/apache/hadoop/hbase/ipc/RpcServer,0,0
262,src/main/java/org/apache/hadoop/hbase/ipc/ServerNotRunningYetException,0,4
263,src/main/java/org/apache/hadoop/hbase/ipc/Status,0,34
264,src/main/java/org/apache/hadoop/hbase/ipc/VersionedProtocol,0,0
265,src/main/java/org/apache/hadoop/hbase/ipc/WritableRpcEngine,0,109
266,src/main/java/org/apache/hadoop/hbase/KeyValue,5,1385
267,src/main/java/org/apache/hadoop/hbase/LocalHBaseCluster,0,370
268,src/main/java/org/apache/hadoop/hbase/mapred/Driver,0,15
269,src/main/java/org/apache/hadoop/hbase/mapred/GroupingTableMap,0,110
270,src/main/java/org/apache/hadoop/hbase/mapred/HRegionPartitioner,0,68
271,src/main/java/org/apache/hadoop/hbase/mapred/IdentityTableMap,0,25
272,src/main/java/org/apache/hadoop/hbase/mapred/IdentityTableReduce,0,27
273,src/main/java/org/apache/hadoop/hbase/mapred/package-info,0,0
274,src/main/java/org/apache/hadoop/hbase/mapred/RowCounter,0,58
275,src/main/java/org/apache/hadoop/hbase/mapred/TableInputFormat,0,63
276,src/main/java/org/apache/hadoop/hbase/mapred/TableInputFormatBase,0,120
277,src/main/java/org/apache/hadoop/hbase/mapred/TableMap,0,0
278,src/main/java/org/apache/hadoop/hbase/mapred/TableMapReduceUtil,0,151
279,src/main/java/org/apache/hadoop/hbase/mapred/TableOutputFormat,0,32
280,src/main/java/org/apache/hadoop/hbase/mapred/TableRecordReader,0,82
281,src/main/java/org/apache/hadoop/hbase/mapred/TableRecordReaderImpl,0,152
282,src/main/java/org/apache/hadoop/hbase/mapred/TableReduce,0,0
283,src/main/java/org/apache/hadoop/hbase/mapred/TableSplit,0,86
284,src/main/java/org/apache/hadoop/hbase/mapreduce/CellCounter,0,119
285,src/main/java/org/apache/hadoop/hbase/mapreduce/CopyTable,0,264
286,src/main/java/org/apache/hadoop/hbase/mapreduce/Driver,0,23
287,src/main/java/org/apache/hadoop/hbase/mapreduce/Export,0,172
288,src/main/java/org/apache/hadoop/hbase/mapreduce/GroupingTableMapper,0,114
289,src/main/java/org/apache/hadoop/hbase/mapreduce/hadoopbackport/InputSampler,0,261
290,src/main/java/org/apache/hadoop/hbase/mapreduce/hadoopbackport/TotalOrderPartitioner,0,146
291,src/main/java/org/apache/hadoop/hbase/mapreduce/HFileOutputFormat,2,240
292,src/main/java/org/apache/hadoop/hbase/mapreduce/HLogInputFormat,0,108
293,src/main/java/org/apache/hadoop/hbase/mapreduce/HRegionPartitioner,0,74
294,src/main/java/org/apache/hadoop/hbase/mapreduce/IdentityTableMapper,0,23
295,src/main/java/org/apache/hadoop/hbase/mapreduce/IdentityTableReducer,0,25
296,src/main/java/org/apache/hadoop/hbase/mapreduce/Import,0,192
297,src/main/java/org/apache/hadoop/hbase/mapreduce/ImportTsv,0,184
298,src/main/java/org/apache/hadoop/hbase/mapreduce/KeyValueSortReducer,0,41
299,src/main/java/org/apache/hadoop/hbase/mapreduce/LoadIncrementalHFiles,5,808
300,src/main/java/org/apache/hadoop/hbase/mapreduce/MultiTableOutputFormat,0,19
301,src/main/java/org/apache/hadoop/hbase/mapreduce/MultithreadedTableMapper,2,71
302,src/main/java/org/apache/hadoop/hbase/mapreduce/package-info,0,0
303,src/main/java/org/apache/hadoop/hbase/mapreduce/PutSortReducer,0,76
304,src/main/java/org/apache/hadoop/hbase/mapreduce/replication/VerifyReplication,0,190
305,src/main/java/org/apache/hadoop/hbase/mapreduce/RowCounter,0,129
306,src/main/java/org/apache/hadoop/hbase/mapreduce/SimpleTotalOrderPartitioner,0,136
307,src/main/java/org/apache/hadoop/hbase/mapreduce/TableInputFormat,0,150
308,src/main/java/org/apache/hadoop/hbase/mapreduce/TableInputFormatBase,2,211
309,src/main/java/org/apache/hadoop/hbase/mapreduce/TableMapper,0,3
310,src/main/java/org/apache/hadoop/hbase/mapreduce/TableMapReduceUtil,2,332
311,src/main/java/org/apache/hadoop/hbase/mapreduce/TableOutputCommitter,0,21
312,src/main/java/org/apache/hadoop/hbase/mapreduce/TableOutputFormat,0,75
313,src/main/java/org/apache/hadoop/hbase/mapreduce/TableRecordReader,0,53
314,src/main/java/org/apache/hadoop/hbase/mapreduce/TableRecordReaderImpl,0,184
315,src/main/java/org/apache/hadoop/hbase/mapreduce/TableReducer,0,3
316,src/main/java/org/apache/hadoop/hbase/mapreduce/TableSplit,0,148
317,src/main/java/org/apache/hadoop/hbase/mapreduce/TsvImporterMapper,0,152
318,src/main/java/org/apache/hadoop/hbase/mapreduce/WALPlayer,0,186
319,src/main/java/org/apache/hadoop/hbase/master/ActiveMasterManager,15,223
320,src/main/java/org/apache/hadoop/hbase/master/AssignCallable,1,12
321,src/main/java/org/apache/hadoop/hbase/master/AssignmentManager,21,3580
322,src/main/java/org/apache/hadoop/hbase/master/BulkAssigner,0,62
323,src/main/java/org/apache/hadoop/hbase/master/BulkReOpen,0,60
324,src/main/java/org/apache/hadoop/hbase/master/CatalogJanitor,8,256
325,src/main/java/org/apache/hadoop/hbase/master/DeadServer,0,141
326,src/main/java/org/apache/hadoop/hbase/master/DefaultLoadBalancer,0,762
327,src/main/java/org/apache/hadoop/hbase/master/handler/ClosedRegionHandler,0,83
328,src/main/java/org/apache/hadoop/hbase/master/handler/CreateTableHandler,0,128
329,src/main/java/org/apache/hadoop/hbase/master/handler/DeleteTableHandler,4,111
330,src/main/java/org/apache/hadoop/hbase/master/handler/DisableTableHandler,0,169
331,src/main/java/org/apache/hadoop/hbase/master/handler/EnableTableHandler,0,180
332,src/main/java/org/apache/hadoop/hbase/master/handler/MetaServerShutdownHandler,0,40
333,src/main/java/org/apache/hadoop/hbase/master/handler/ModifyTableHandler,0,42
334,src/main/java/org/apache/hadoop/hbase/master/handler/OpenedRegionHandler,0,172
335,src/main/java/org/apache/hadoop/hbase/master/handler/ServerShutdownHandler,10,418
336,src/main/java/org/apache/hadoop/hbase/master/handler/SplitRegionHandler,0,131
337,src/main/java/org/apache/hadoop/hbase/master/handler/TableAddFamilyHandler,0,66
338,src/main/java/org/apache/hadoop/hbase/master/handler/TableDeleteFamilyHandler,0,54
339,src/main/java/org/apache/hadoop/hbase/master/handler/TableEventHandler,0,205
340,src/main/java/org/apache/hadoop/hbase/master/handler/TableModifyFamilyHandler,0,55
341,src/main/java/org/apache/hadoop/hbase/master/handler/TotesHRegionInfo,0,0
342,src/main/java/org/apache/hadoop/hbase/master/HMaster,37,1852
343,src/main/java/org/apache/hadoop/hbase/master/HMasterCommandLine,0,188
344,src/main/java/org/apache/hadoop/hbase/master/LoadBalancer,0,0
345,src/main/java/org/apache/hadoop/hbase/master/LoadBalancerFactory,0,8
346,src/main/java/org/apache/hadoop/hbase/master/LogCleaner,2,149
347,src/main/java/org/apache/hadoop/hbase/master/LogCleanerDelegate,2,0
348,src/main/java/org/apache/hadoop/hbase/master/MasterCoprocessorHost,0,793
349,src/main/java/org/apache/hadoop/hbase/master/MasterDumpServlet,0,122
350,src/main/java/org/apache/hadoop/hbase/master/MasterFileSystem,9,560
351,src/main/java/org/apache/hadoop/hbase/master/MasterServices,0,0
352,src/main/java/org/apache/hadoop/hbase/master/MasterStatusServlet,0,87
353,src/main/java/org/apache/hadoop/hbase/master/metrics/MasterMetrics,0,118
354,src/main/java/org/apache/hadoop/hbase/master/metrics/MasterStatistics,0,12
355,src/main/java/org/apache/hadoop/hbase/master/MXBean,0,0
356,src/main/java/org/apache/hadoop/hbase/master/MXBeanImpl,0,106
357,src/main/java/org/apache/hadoop/hbase/master/RegionPlan,0,62
358,src/main/java/org/apache/hadoop/hbase/master/ServerAndLoad,0,30
359,src/main/java/org/apache/hadoop/hbase/master/ServerManager,11,700
360,src/main/java/org/apache/hadoop/hbase/master/SplitLogManager,13,1189
361,src/main/java/org/apache/hadoop/hbase/master/TimeToLiveLogCleaner,0,59
362,src/main/java/org/apache/hadoop/hbase/master/UnAssignCallable,1,12
363,src/main/java/org/apache/hadoop/hbase/MasterAddressTracker,0,24
364,src/main/java/org/apache/hadoop/hbase/MasterNotRunningException,0,11
365,src/main/java/org/apache/hadoop/hbase/metrics/ExactCounterMetric,0,152
366,src/main/java/org/apache/hadoop/hbase/metrics/file/TimeStampingFileContext,0,112
367,src/main/java/org/apache/hadoop/hbase/metrics/HBaseInfo,0,76
368,src/main/java/org/apache/hadoop/hbase/metrics/histogram/ExponentiallyDecayingSample,0,220
369,src/main/java/org/apache/hadoop/hbase/metrics/histogram/MetricsHistogram,0,298
370,src/main/java/org/apache/hadoop/hbase/metrics/histogram/Sample,0,0
371,src/main/java/org/apache/hadoop/hbase/metrics/histogram/Snapshot,0,117
372,src/main/java/org/apache/hadoop/hbase/metrics/histogram/UniformSample,0,94
373,src/main/java/org/apache/hadoop/hbase/metrics/MetricsMBeanBase,2,158
374,src/main/java/org/apache/hadoop/hbase/metrics/MetricsRate,0,70
375,src/main/java/org/apache/hadoop/hbase/metrics/MetricsString,0,26
376,src/main/java/org/apache/hadoop/hbase/metrics/PersistentMetricsTimeVaryingRate,0,92
377,src/main/java/org/apache/hadoop/hbase/migration/HRegionInfo090x,0,676
378,src/main/java/org/apache/hadoop/hbase/monitoring/LogMonitoring,0,70
379,src/main/java/org/apache/hadoop/hbase/monitoring/MemoryBoundedLogMessageBuffer,0,87
380,src/main/java/org/apache/hadoop/hbase/monitoring/MonitoredRPCHandler,0,0
381,src/main/java/org/apache/hadoop/hbase/monitoring/MonitoredRPCHandlerImpl,0,271
382,src/main/java/org/apache/hadoop/hbase/monitoring/MonitoredTask,0,0
383,src/main/java/org/apache/hadoop/hbase/monitoring/MonitoredTaskImpl,0,149
384,src/main/java/org/apache/hadoop/hbase/monitoring/StateDumpServlet,0,54
385,src/main/java/org/apache/hadoop/hbase/monitoring/TaskMonitor,0,195
386,src/main/java/org/apache/hadoop/hbase/monitoring/ThreadMonitoring,0,119
387,src/main/java/org/apache/hadoop/hbase/NotAllMetaRegionsOnlineException,0,7
388,src/main/java/org/apache/hadoop/hbase/NotServingRegionException,0,12
389,src/main/java/org/apache/hadoop/hbase/PleaseHoldException,0,4
390,src/main/java/org/apache/hadoop/hbase/RegionException,0,7
391,src/main/java/org/apache/hadoop/hbase/regionserver/ChangedReadersObserver,0,0
392,src/main/java/org/apache/hadoop/hbase/regionserver/ColumnCount,0,44
393,src/main/java/org/apache/hadoop/hbase/regionserver/ColumnTracker,0,0
394,src/main/java/org/apache/hadoop/hbase/regionserver/CompactionRequestor,0,0
395,src/main/java/org/apache/hadoop/hbase/regionserver/compactions/CompactionProgress,0,12
396,src/main/java/org/apache/hadoop/hbase/regionserver/compactions/CompactionRequest,0,260
397,src/main/java/org/apache/hadoop/hbase/regionserver/compactions/CompactSelection,1,257
398,src/main/java/org/apache/hadoop/hbase/regionserver/CompactSplitThread,1,326
399,src/main/java/org/apache/hadoop/hbase/regionserver/ConstantSizeRegionSplitPolicy,1,46
400,src/main/java/org/apache/hadoop/hbase/regionserver/DebugPrint,0,73
401,src/main/java/org/apache/hadoop/hbase/regionserver/DeleteTracker,0,0
402,src/main/java/org/apache/hadoop/hbase/regionserver/ExplicitColumnTracker,0,271
403,src/main/java/org/apache/hadoop/hbase/regionserver/FlushRequester,0,0
404,src/main/java/org/apache/hadoop/hbase/regionserver/GetClosestRowBeforeTracker,0,212
405,src/main/java/org/apache/hadoop/hbase/regionserver/handler/CloseMetaHandler,0,17
406,src/main/java/org/apache/hadoop/hbase/regionserver/handler/CloseRegionHandler,0,168
407,src/main/java/org/apache/hadoop/hbase/regionserver/handler/CloseRootHandler,0,17
408,src/main/java/org/apache/hadoop/hbase/regionserver/handler/OpenMetaHandler,0,17
409,src/main/java/org/apache/hadoop/hbase/regionserver/handler/OpenRegionHandler,3,436
410,src/main/java/org/apache/hadoop/hbase/regionserver/handler/OpenRootHandler,0,18
411,src/main/java/org/apache/hadoop/hbase/regionserver/HRegion,17,4985
412,src/main/java/org/apache/hadoop/hbase/regionserver/HRegionServer,9,3857
413,src/main/java/org/apache/hadoop/hbase/regionserver/HRegionServerCommandLine,0,51
414,src/main/java/org/apache/hadoop/hbase/regionserver/HRegionThriftServer,0,25
415,src/main/java/org/apache/hadoop/hbase/regionserver/IncreasingToUpperBoundRegionSplitPolicy,0,99
416,src/main/java/org/apache/hadoop/hbase/regionserver/InternalScan,0,20
417,src/main/java/org/apache/hadoop/hbase/regionserver/InternalScanner,0,0
418,src/main/java/org/apache/hadoop/hbase/regionserver/KeyPrefixRegionSplitPolicy,0,65
419,src/main/java/org/apache/hadoop/hbase/regionserver/KeyValueHeap,1,217
420,src/main/java/org/apache/hadoop/hbase/regionserver/KeyValueScanner,0,0
421,src/main/java/org/apache/hadoop/hbase/regionserver/KeyValueSkipListSet,0,256
422,src/main/java/org/apache/hadoop/hbase/regionserver/LeaseException,0,7
423,src/main/java/org/apache/hadoop/hbase/regionserver/LeaseListener,0,0
424,src/main/java/org/apache/hadoop/hbase/regionserver/Leases,0,208
425,src/main/java/org/apache/hadoop/hbase/regionserver/LogRoller,0,223
426,src/main/java/org/apache/hadoop/hbase/regionserver/LruHashMap,0,617
427,src/main/java/org/apache/hadoop/hbase/regionserver/MemStore,0,746
428,src/main/java/org/apache/hadoop/hbase/regionserver/MemStoreFlusher,0,563
429,src/main/java/org/apache/hadoop/hbase/regionserver/MemStoreLAB,0,63
430,src/main/java/org/apache/hadoop/hbase/regionserver/metrics/OperationMetrics,0,104
431,src/main/java/org/apache/hadoop/hbase/regionserver/metrics/RegionMetricsStorage,0,124
432,src/main/java/org/apache/hadoop/hbase/regionserver/metrics/RegionServerDynamicMetrics,0,222
433,src/main/java/org/apache/hadoop/hbase/regionserver/metrics/RegionServerDynamicStatistics,0,12
434,src/main/java/org/apache/hadoop/hbase/regionserver/metrics/RegionServerMetrics,0,770
435,src/main/java/org/apache/hadoop/hbase/regionserver/metrics/RegionServerStatistics,0,13
436,src/main/java/org/apache/hadoop/hbase/regionserver/metrics/SchemaConfigured,1,243
437,src/main/java/org/apache/hadoop/hbase/regionserver/metrics/SchemaMetrics,1,966
438,src/main/java/org/apache/hadoop/hbase/regionserver/MultiVersionConsistencyControl,0,180
439,src/main/java/org/apache/hadoop/hbase/regionserver/MXBean,0,0
440,src/main/java/org/apache/hadoop/hbase/regionserver/MXBeanImpl,0,29
441,src/main/java/org/apache/hadoop/hbase/regionserver/NonLazyKeyValueScanner,0,30
442,src/main/java/org/apache/hadoop/hbase/regionserver/NoSuchColumnFamilyException,0,7
443,src/main/java/org/apache/hadoop/hbase/regionserver/OnlineRegions,0,0
444,src/main/java/org/apache/hadoop/hbase/regionserver/OperationStatus,0,30
445,src/main/java/org/apache/hadoop/hbase/regionserver/RegionAlreadyInTransitionException,0,4
446,src/main/java/org/apache/hadoop/hbase/regionserver/RegionCoprocessorHost,0,1193
447,src/main/java/org/apache/hadoop/hbase/regionserver/RegionOpeningState,1,31
448,src/main/java/org/apache/hadoop/hbase/regionserver/RegionScanner,0,0
449,src/main/java/org/apache/hadoop/hbase/regionserver/RegionServerAccounting,0,50
450,src/main/java/org/apache/hadoop/hbase/regionserver/RegionServerRunningException,0,7
451,src/main/java/org/apache/hadoop/hbase/regionserver/RegionServerServices,2,0
452,src/main/java/org/apache/hadoop/hbase/regionserver/RegionServerStoppedException,0,4
453,src/main/java/org/apache/hadoop/hbase/regionserver/RegionSplitPolicy,1,75
454,src/main/java/org/apache/hadoop/hbase/regionserver/ReplicationService,0,0
455,src/main/java/org/apache/hadoop/hbase/regionserver/ReplicationSinkService,0,0
456,src/main/java/org/apache/hadoop/hbase/regionserver/ReplicationSourceService,0,0
457,src/main/java/org/apache/hadoop/hbase/regionserver/RSDumpServlet,0,64
458,src/main/java/org/apache/hadoop/hbase/regionserver/RSStatusServlet,0,37
459,src/main/java/org/apache/hadoop/hbase/regionserver/ScanDeleteTracker,0,141
460,src/main/java/org/apache/hadoop/hbase/regionserver/ScanQueryMatcher,1,343
461,src/main/java/org/apache/hadoop/hbase/regionserver/ScanWildcardColumnTracker,0,153
462,src/main/java/org/apache/hadoop/hbase/regionserver/ShutdownHook,2,128
463,src/main/java/org/apache/hadoop/hbase/regionserver/SplitLogWorker,0,872
464,src/main/java/org/apache/hadoop/hbase/regionserver/SplitRequest,3,146
465,src/main/java/org/apache/hadoop/hbase/regionserver/SplitTransaction,8,695
466,src/main/java/org/apache/hadoop/hbase/regionserver/Store,9,2462
467,src/main/java/org/apache/hadoop/hbase/regionserver/StoreFile,5,556
468,src/main/java/org/apache/hadoop/hbase/regionserver/StoreFileScanner,0,308
469,src/main/java/org/apache/hadoop/hbase/regionserver/StoreFlusher,0,0
470,src/main/java/org/apache/hadoop/hbase/regionserver/StoreScanner,0,506
471,src/main/java/org/apache/hadoop/hbase/regionserver/TimeRangeTracker,0,121
472,src/main/java/org/apache/hadoop/hbase/regionserver/wal/CompressionContext,0,38
473,src/main/java/org/apache/hadoop/hbase/regionserver/wal/Compressor,0,150
474,src/main/java/org/apache/hadoop/hbase/regionserver/wal/Dictionary,0,0
475,src/main/java/org/apache/hadoop/hbase/regionserver/wal/FailedLogCloseException,0,7
476,src/main/java/org/apache/hadoop/hbase/regionserver/wal/HLog,14,1726
477,src/main/java/org/apache/hadoop/hbase/regionserver/wal/HLogKey,0,275
478,src/main/java/org/apache/hadoop/hbase/regionserver/wal/HLogPrettyPrinter,0,337
479,src/main/java/org/apache/hadoop/hbase/regionserver/wal/HLogSplitter,10,1403
480,src/main/java/org/apache/hadoop/hbase/regionserver/wal/KeyValueCompression,0,79
481,src/main/java/org/apache/hadoop/hbase/regionserver/wal/LRUDictionary,0,36
482,src/main/java/org/apache/hadoop/hbase/regionserver/wal/OrphanHLogAfterSplitException,0,7
483,src/main/java/org/apache/hadoop/hbase/regionserver/wal/SequenceFileLogReader,1,178
484,src/main/java/org/apache/hadoop/hbase/regionserver/wal/SequenceFileLogWriter,2,324
485,src/main/java/org/apache/hadoop/hbase/regionserver/wal/WALActionsListener,0,0
486,src/main/java/org/apache/hadoop/hbase/regionserver/wal/WALCoprocessorHost,0,76
487,src/main/java/org/apache/hadoop/hbase/regionserver/wal/WALEdit,0,185
488,src/main/java/org/apache/hadoop/hbase/regionserver/WrongRegionException,0,7
489,src/main/java/org/apache/hadoop/hbase/RemoteExceptionHandler,0,54
490,src/main/java/org/apache/hadoop/hbase/replication/master/ReplicationLogCleaner,0,179
491,src/main/java/org/apache/hadoop/hbase/replication/regionserver/Replication,0,164
492,src/main/java/org/apache/hadoop/hbase/replication/regionserver/ReplicationSink,0,152
493,src/main/java/org/apache/hadoop/hbase/replication/regionserver/ReplicationSinkMetrics,0,56
494,src/main/java/org/apache/hadoop/hbase/replication/regionserver/ReplicationSource,4,933
495,src/main/java/org/apache/hadoop/hbase/replication/regionserver/ReplicationSourceInterface,0,0
496,src/main/java/org/apache/hadoop/hbase/replication/regionserver/ReplicationSourceManager,2,381
497,src/main/java/org/apache/hadoop/hbase/replication/regionserver/ReplicationSourceMetrics,0,95
498,src/main/java/org/apache/hadoop/hbase/replication/regionserver/ReplicationStatistics,0,7
499,src/main/java/org/apache/hadoop/hbase/replication/ReplicationPeer,0,103
500,src/main/java/org/apache/hadoop/hbase/replication/ReplicationZookeeper,2,798
501,src/main/java/org/apache/hadoop/hbase/rest/client/Client,0,313
502,src/main/java/org/apache/hadoop/hbase/rest/client/Cluster,0,52
503,src/main/java/org/apache/hadoop/hbase/rest/client/RemoteAdmin,0,156
504,src/main/java/org/apache/hadoop/hbase/rest/client/RemoteHTable,0,662
505,src/main/java/org/apache/hadoop/hbase/rest/client/Response,0,64
506,src/main/java/org/apache/hadoop/hbase/rest/Constants,0,0
507,src/main/java/org/apache/hadoop/hbase/rest/ExistsResource,0,33
508,src/main/java/org/apache/hadoop/hbase/rest/filter/GzipFilter,0,59
509,src/main/java/org/apache/hadoop/hbase/rest/filter/GZIPRequestStream,0,28
510,src/main/java/org/apache/hadoop/hbase/rest/filter/GZIPRequestWrapper,0,19
511,src/main/java/org/apache/hadoop/hbase/rest/filter/GZIPResponseStream,0,50
512,src/main/java/org/apache/hadoop/hbase/rest/filter/GZIPResponseWrapper,0,127
513,src/main/java/org/apache/hadoop/hbase/rest/Main,0,106
514,src/main/java/org/apache/hadoop/hbase/rest/metrics/RESTMetrics,0,150
515,src/main/java/org/apache/hadoop/hbase/rest/metrics/RESTStatistics,0,12
516,src/main/java/org/apache/hadoop/hbase/rest/model/CellModel,0,104
517,src/main/java/org/apache/hadoop/hbase/rest/model/CellSetModel,0,90
518,src/main/java/org/apache/hadoop/hbase/rest/model/ColumnSchemaModel,0,205
519,src/main/java/org/apache/hadoop/hbase/rest/model/RowModel,0,62
520,src/main/java/org/apache/hadoop/hbase/rest/model/ScannerModel,0,328
521,src/main/java/org/apache/hadoop/hbase/rest/model/StorageClusterStatusModel,0,336
522,src/main/java/org/apache/hadoop/hbase/rest/model/StorageClusterVersionModel,0,13
523,src/main/java/org/apache/hadoop/hbase/rest/model/TableInfoModel,0,106
524,src/main/java/org/apache/hadoop/hbase/rest/model/TableListModel,0,68
525,src/main/java/org/apache/hadoop/hbase/rest/model/TableModel,0,18
526,src/main/java/org/apache/hadoop/hbase/rest/model/TableRegionModel,0,103
527,src/main/java/org/apache/hadoop/hbase/rest/model/TableSchemaModel,0,419
528,src/main/java/org/apache/hadoop/hbase/rest/model/VersionModel,0,134
529,src/main/java/org/apache/hadoop/hbase/rest/MultiRowResource,2,70
530,src/main/java/org/apache/hadoop/hbase/rest/protobuf/generated/CellMessage,0,27
531,src/main/java/org/apache/hadoop/hbase/rest/protobuf/generated/CellSetMessage,0,39
532,src/main/java/org/apache/hadoop/hbase/rest/protobuf/generated/ColumnSchemaMessage,0,37
533,src/main/java/org/apache/hadoop/hbase/rest/protobuf/generated/ScannerMessage,0,27
534,src/main/java/org/apache/hadoop/hbase/rest/protobuf/generated/StorageClusterStatusMessage,0,49
535,src/main/java/org/apache/hadoop/hbase/rest/protobuf/generated/TableInfoMessage,0,37
536,src/main/java/org/apache/hadoop/hbase/rest/protobuf/generated/TableListMessage,0,27
537,src/main/java/org/apache/hadoop/hbase/rest/protobuf/generated/TableSchemaMessage,0,39
538,src/main/java/org/apache/hadoop/hbase/rest/protobuf/generated/VersionMessage,0,27
539,src/main/java/org/apache/hadoop/hbase/rest/ProtobufMessageHandler,0,0
540,src/main/java/org/apache/hadoop/hbase/rest/provider/consumer/ProtobufMessageBodyConsumer,0,14
541,src/main/java/org/apache/hadoop/hbase/rest/provider/JAXBContextResolver,0,42
542,src/main/java/org/apache/hadoop/hbase/rest/provider/producer/PlainTextMessageBodyProducer,0,25
543,src/main/java/org/apache/hadoop/hbase/rest/provider/producer/ProtobufMessageBodyProducer,0,42
544,src/main/java/org/apache/hadoop/hbase/rest/RegionsResource,0,100
545,src/main/java/org/apache/hadoop/hbase/rest/ResourceBase,0,5
546,src/main/java/org/apache/hadoop/hbase/rest/ResourceConfig,0,5
547,src/main/java/org/apache/hadoop/hbase/rest/RESTServlet,0,53
548,src/main/java/org/apache/hadoop/hbase/rest/ResultGenerator,0,17
549,src/main/java/org/apache/hadoop/hbase/rest/RootResource,0,78
550,src/main/java/org/apache/hadoop/hbase/rest/RowResource,3,592
551,src/main/java/org/apache/hadoop/hbase/rest/RowResultGenerator,0,110
552,src/main/java/org/apache/hadoop/hbase/rest/RowSpec,0,531
553,src/main/java/org/apache/hadoop/hbase/rest/ScannerInstanceResource,0,218
554,src/main/java/org/apache/hadoop/hbase/rest/ScannerResource,0,158
555,src/main/java/org/apache/hadoop/hbase/rest/ScannerResultGenerator,0,190
556,src/main/java/org/apache/hadoop/hbase/rest/SchemaResource,0,344
557,src/main/java/org/apache/hadoop/hbase/rest/StorageClusterStatusResource,0,112
558,src/main/java/org/apache/hadoop/hbase/rest/StorageClusterVersionResource,0,54
559,src/main/java/org/apache/hadoop/hbase/rest/TableResource,3,47
560,src/main/java/org/apache/hadoop/hbase/rest/VersionResource,0,46
561,src/main/java/org/apache/hadoop/hbase/security/KerberosInfo,0,0
562,src/main/java/org/apache/hadoop/hbase/security/TokenInfo,0,0
563,src/main/java/org/apache/hadoop/hbase/security/User,3,112
564,src/main/java/org/apache/hadoop/hbase/Server,0,0
565,src/main/java/org/apache/hadoop/hbase/ServerName,3,223
566,src/main/java/org/apache/hadoop/hbase/Stoppable,0,0
567,src/main/java/org/apache/hadoop/hbase/TableDescriptors,0,0
568,src/main/java/org/apache/hadoop/hbase/TableExistsException,0,7
569,src/main/java/org/apache/hadoop/hbase/TableNotDisabledException,0,12
570,src/main/java/org/apache/hadoop/hbase/TableNotEnabledException,0,12
571,src/main/java/org/apache/hadoop/hbase/TableNotFoundException,0,7
572,src/main/java/org/apache/hadoop/hbase/thrift/CallQueue,0,246
573,src/main/java/org/apache/hadoop/hbase/thrift/generated/AlreadyExists,0,265
574,src/main/java/org/apache/hadoop/hbase/thrift/generated/BatchMutation,0,407
575,src/main/java/org/apache/hadoop/hbase/thrift/generated/ColumnDescriptor,0,920
576,src/main/java/org/apache/hadoop/hbase/thrift/generated/Hbase,0,3
577,src/main/java/org/apache/hadoop/hbase/thrift/generated/IllegalArgument,0,265
578,src/main/java/org/apache/hadoop/hbase/thrift/generated/IOError,0,265
579,src/main/java/org/apache/hadoop/hbase/thrift/generated/Mutation,0,551
580,src/main/java/org/apache/hadoop/hbase/thrift/generated/TCell,0,374
581,src/main/java/org/apache/hadoop/hbase/thrift/generated/TRegionInfo,0,836
582,src/main/java/org/apache/hadoop/hbase/thrift/generated/TRowResult,0,407
583,src/main/java/org/apache/hadoop/hbase/thrift/generated/TScan,0,840
584,src/main/java/org/apache/hadoop/hbase/thrift/HbaseHandlerMetricsProxy,0,41
585,src/main/java/org/apache/hadoop/hbase/thrift/HThreadedSelectorServerArgs,0,46
586,src/main/java/org/apache/hadoop/hbase/thrift/TBoundedThreadPoolServer,0,169
587,src/main/java/org/apache/hadoop/hbase/thrift/ThriftMetrics,0,167
588,src/main/java/org/apache/hadoop/hbase/thrift/ThriftServer,3,159
589,src/main/java/org/apache/hadoop/hbase/thrift/ThriftServerRunner,1,333
590,src/main/java/org/apache/hadoop/hbase/thrift/ThriftUtilities,0,136
591,src/main/java/org/apache/hadoop/hbase/thrift2/generated/TColumn,0,506
592,src/main/java/org/apache/hadoop/hbase/thrift2/generated/TColumnIncrement,0,513
593,src/main/java/org/apache/hadoop/hbase/thrift2/generated/TColumnValue,0,628
594,src/main/java/org/apache/hadoop/hbase/thrift2/generated/TDelete,0,699
595,src/main/java/org/apache/hadoop/hbase/thrift2/generated/TDeleteType,0,38
596,src/main/java/org/apache/hadoop/hbase/thrift2/generated/TGet,0,698
597,src/main/java/org/apache/hadoop/hbase/thrift2/generated/THBaseService,0,3
598,src/main/java/org/apache/hadoop/hbase/thrift2/generated/TIllegalArgument,0,270
599,src/main/java/org/apache/hadoop/hbase/thrift2/generated/TIncrement,0,531
600,src/main/java/org/apache/hadoop/hbase/thrift2/generated/TIOError,0,270
601,src/main/java/org/apache/hadoop/hbase/thrift2/generated/TPut,0,615
602,src/main/java/org/apache/hadoop/hbase/thrift2/generated/TResult,0,430
603,src/main/java/org/apache/hadoop/hbase/thrift2/generated/TScan,0,826
604,src/main/java/org/apache/hadoop/hbase/thrift2/generated/TTimeRange,0,347
605,src/main/java/org/apache/hadoop/hbase/thrift2/ThriftHBaseServiceHandler,0,301
606,src/main/java/org/apache/hadoop/hbase/thrift2/ThriftServer,0,152
607,src/main/java/org/apache/hadoop/hbase/thrift2/ThriftUtilities,0,358
608,src/main/java/org/apache/hadoop/hbase/tool/Canary,0,215
609,src/main/java/org/apache/hadoop/hbase/UnknownRegionException,0,4
610,src/main/java/org/apache/hadoop/hbase/UnknownRowLockException,0,7
611,src/main/java/org/apache/hadoop/hbase/UnknownScannerException,0,7
612,src/main/java/org/apache/hadoop/hbase/util/AbstractHBaseTool,0,159
613,src/main/java/org/apache/hadoop/hbase/util/Addressing,0,46
614,src/main/java/org/apache/hadoop/hbase/util/Base64,0,1642
615,src/main/java/org/apache/hadoop/hbase/util/BloomFilter,0,0
616,src/main/java/org/apache/hadoop/hbase/util/BloomFilterBase,0,0
617,src/main/java/org/apache/hadoop/hbase/util/BloomFilterFactory,0,44
618,src/main/java/org/apache/hadoop/hbase/util/BloomFilterWriter,0,0
619,src/main/java/org/apache/hadoop/hbase/util/ByteBloomFilter,0,616
620,src/main/java/org/apache/hadoop/hbase/util/ByteBufferOutputStream,0,93
621,src/main/java/org/apache/hadoop/hbase/util/ByteBufferUtils,0,406
622,src/main/java/org/apache/hadoop/hbase/util/Bytes,0,1253
623,src/main/java/org/apache/hadoop/hbase/util/CancelableProgressable,0,0
624,src/main/java/org/apache/hadoop/hbase/util/ChecksumFactory,0,46
625,src/main/java/org/apache/hadoop/hbase/util/ChecksumType,0,86
626,src/main/java/org/apache/hadoop/hbase/util/Classes,0,57
627,src/main/java/org/apache/hadoop/hbase/util/ClassSize,0,310
628,src/main/java/org/apache/hadoop/hbase/util/CollectionBackedScanner,0,99
629,src/main/java/org/apache/hadoop/hbase/util/CompoundBloomFilter,0,174
630,src/main/java/org/apache/hadoop/hbase/util/CompoundBloomFilterBase,0,31
631,src/main/java/org/apache/hadoop/hbase/util/CompoundBloomFilterWriter,0,236
632,src/main/java/org/apache/hadoop/hbase/util/CompressionTest,0,150
633,src/main/java/org/apache/hadoop/hbase/util/DefaultEnvironmentEdge,0,6
634,src/main/java/org/apache/hadoop/hbase/util/DirectMemoryUtils,0,49
635,src/main/java/org/apache/hadoop/hbase/util/EnvironmentEdge,0,0
636,src/main/java/org/apache/hadoop/hbase/util/EnvironmentEdgeManager,1,22
637,src/main/java/org/apache/hadoop/hbase/util/FileSystemVersionException,0,7
638,src/main/java/org/apache/hadoop/hbase/util/FSHDFSUtils,0,121
639,src/main/java/org/apache/hadoop/hbase/util/FSMapRUtils,0,23
640,src/main/java/org/apache/hadoop/hbase/util/FSTableDescriptors,4,521
641,src/main/java/org/apache/hadoop/hbase/util/FSUtils,4,0
642,src/main/java/org/apache/hadoop/hbase/util/GetJavaProperty,0,34
643,src/main/java/org/apache/hadoop/hbase/util/Hash,0,47
644,src/main/java/org/apache/hadoop/hbase/util/HashedBytes,0,31
645,src/main/java/org/apache/hadoop/hbase/util/HasThread,0,71
646,src/main/java/org/apache/hadoop/hbase/util/HBaseConfTool,0,16
647,src/main/java/org/apache/hadoop/hbase/util/HBaseFsck,17,2901
648,src/main/java/org/apache/hadoop/hbase/util/HBaseFsckRepair,5,135
649,src/main/java/org/apache/hadoop/hbase/util/hbck/OfflineMetaRepair,2,105
650,src/main/java/org/apache/hadoop/hbase/util/hbck/TableIntegrityErrorHandler,3,0
651,src/main/java/org/apache/hadoop/hbase/util/hbck/TableIntegrityErrorHandlerImpl,3,31
652,src/main/java/org/apache/hadoop/hbase/util/HMerge,0,51
653,src/main/java/org/apache/hadoop/hbase/util/IdLock,0,76
654,src/main/java/org/apache/hadoop/hbase/util/IncrementingEnvironmentEdge,0,9
655,src/main/java/org/apache/hadoop/hbase/util/InfoServer,1,77
656,src/main/java/org/apache/hadoop/hbase/util/JenkinsHash,0,259
657,src/main/java/org/apache/hadoop/hbase/util/JVMClusterUtil,1,226
658,src/main/java/org/apache/hadoop/hbase/util/JvmVersion,0,18
659,src/main/java/org/apache/hadoop/hbase/util/Keying,0,78
660,src/main/java/org/apache/hadoop/hbase/util/KeyRange,0,0
661,src/main/java/org/apache/hadoop/hbase/util/ManualEnvironmentEdge,1,11
662,src/main/java/org/apache/hadoop/hbase/util/MD5Hash,0,24
663,src/main/java/org/apache/hadoop/hbase/util/Merge,0,408
664,src/main/java/org/apache/hadoop/hbase/util/MetaUtils,0,386
665,src/main/java/org/apache/hadoop/hbase/util/Methods,0,97
666,src/main/java/org/apache/hadoop/hbase/util/MurmurHash,0,79
667,src/main/java/org/apache/hadoop/hbase/util/Objects,0,122
668,src/main/java/org/apache/hadoop/hbase/util/Pair,0,98
669,src/main/java/org/apache/hadoop/hbase/util/PairOfSameType,0,82
670,src/main/java/org/apache/hadoop/hbase/util/PoolMap,0,209
671,src/main/java/org/apache/hadoop/hbase/util/ProtoUtil,0,63
672,src/main/java/org/apache/hadoop/hbase/util/RegionSplitCalculator,0,160
673,src/main/java/org/apache/hadoop/hbase/util/RegionSplitter,1,940
674,src/main/java/org/apache/hadoop/hbase/util/RetryCounter,0,55
675,src/main/java/org/apache/hadoop/hbase/util/RetryCounterFactory,0,14
676,src/main/java/org/apache/hadoop/hbase/util/ServerCommandLine,0,49
677,src/main/java/org/apache/hadoop/hbase/util/Sleeper,0,119
678,src/main/java/org/apache/hadoop/hbase/util/SoftValueSortedMap,5,321
679,src/main/java/org/apache/hadoop/hbase/util/SortedCopyOnWriteSet,0,131
680,src/main/java/org/apache/hadoop/hbase/util/Strings,0,31
681,src/main/java/org/apache/hadoop/hbase/util/Threads,0,107
682,src/main/java/org/apache/hadoop/hbase/util/VersionInfo,0,104
683,src/main/java/org/apache/hadoop/hbase/util/Writables,0,134
684,src/main/java/org/apache/hadoop/hbase/VersionAnnotation,0,0
685,src/main/java/org/apache/hadoop/hbase/YouAreDeadException,0,4
686,src/main/java/org/apache/hadoop/hbase/zookeeper/ClusterId,0,43
687,src/main/java/org/apache/hadoop/hbase/zookeeper/ClusterStatusTracker,0,50
688,src/main/java/org/apache/hadoop/hbase/zookeeper/DrainingServerTracker,0,109
689,src/main/java/org/apache/hadoop/hbase/zookeeper/HQuorumPeer,0,136
690,src/main/java/org/apache/hadoop/hbase/zookeeper/MetaNodeTracker,0,13
691,src/main/java/org/apache/hadoop/hbase/zookeeper/MiniZooKeeperCluster,0,382
692,src/main/java/org/apache/hadoop/hbase/zookeeper/RecoverableZooKeeper,0,507
693,src/main/java/org/apache/hadoop/hbase/zookeeper/RegionServerTracker,0,120
694,src/main/java/org/apache/hadoop/hbase/zookeeper/RootRegionTracker,0,45
695,src/main/java/org/apache/hadoop/hbase/zookeeper/ZKAssign,0,428
696,src/main/java/org/apache/hadoop/hbase/zookeeper/ZKConfig,0,225
697,src/main/java/org/apache/hadoop/hbase/zookeeper/ZKLeaderManager,0,242
698,src/main/java/org/apache/hadoop/hbase/zookeeper/ZKServerTool,0,31
699,src/main/java/org/apache/hadoop/hbase/zookeeper/ZKSplitLog,3,133
700,src/main/java/org/apache/hadoop/hbase/zookeeper/ZKTable,6,430
701,src/main/java/org/apache/hadoop/hbase/zookeeper/ZKUtil,5,948
702,src/main/java/org/apache/hadoop/hbase/zookeeper/ZooKeeperListener,0,17
703,src/main/java/org/apache/hadoop/hbase/zookeeper/ZooKeeperMainServerArg,0,62
704,src/main/java/org/apache/hadoop/hbase/zookeeper/ZooKeeperNodeTracker,5,174
705,src/main/java/org/apache/hadoop/hbase/zookeeper/ZooKeeperWatcher,1,339
706,src/main/java/org/apache/hadoop/hbase/ZooKeeperConnectionException,0,12
708,src/test/java/org/apache/hadoop/hbase/avro/TestAvroServer,0,255
709,src/test/java/org/apache/hadoop/hbase/avro/TestAvroUtil,0,15
710,src/test/java/org/apache/hadoop/hbase/catalog/TestCatalogTracker,2,432
711,src/test/java/org/apache/hadoop/hbase/catalog/TestCatalogTrackerOnCluster,0,44
712,src/test/java/org/apache/hadoop/hbase/catalog/TestMetaReaderEditor,2,285
713,src/test/java/org/apache/hadoop/hbase/catalog/TestMetaReaderEditorNoCluster,0,182
714,src/test/java/org/apache/hadoop/hbase/client/HConnectionTestingUtility,3,53
715,src/test/java/org/apache/hadoop/hbase/client/InstantSchemaChangeTestBase,1,0
716,src/test/java/org/apache/hadoop/hbase/client/replication/TestReplicationAdmin,0,86
717,src/test/java/org/apache/hadoop/hbase/client/TestAdmin,12,2369
718,src/test/java/org/apache/hadoop/hbase/client/TestAttributes,0,234
719,src/test/java/org/apache/hadoop/hbase/client/TestFromClientSide,4,9143
720,src/test/java/org/apache/hadoop/hbase/client/TestGet,0,142
721,src/test/java/org/apache/hadoop/hbase/client/TestHCM,5,332
722,src/test/java/org/apache/hadoop/hbase/client/TestHTablePool,0,26
723,src/test/java/org/apache/hadoop/hbase/client/TestHTableUtil,1,124
724,src/test/java/org/apache/hadoop/hbase/client/TestMetaMigrationRemovingHTD,3,417
725,src/test/java/org/apache/hadoop/hbase/client/TestMetaScanner,1,113
726,src/test/java/org/apache/hadoop/hbase/client/TestMultiParallel,1,785
727,src/test/java/org/apache/hadoop/hbase/client/TestMultipleTimestamps,1,829
728,src/test/java/org/apache/hadoop/hbase/client/TestOperation,0,781
729,src/test/java/org/apache/hadoop/hbase/client/TestResult,3,148
730,src/test/java/org/apache/hadoop/hbase/client/TestScan,0,142
731,src/test/java/org/apache/hadoop/hbase/client/TestScannerTimeout,1,193
732,src/test/java/org/apache/hadoop/hbase/client/TestShell,0,49
733,src/test/java/org/apache/hadoop/hbase/client/TestTimestampsFilter,1,534
734,src/test/java/org/apache/hadoop/hbase/constraint/AllFailConstraint,0,8
735,src/test/java/org/apache/hadoop/hbase/constraint/AllPassConstraint,0,6
736,src/test/java/org/apache/hadoop/hbase/constraint/CheckConfigurationConstraint,1,34
737,src/test/java/org/apache/hadoop/hbase/constraint/RuntimeFailConstraint,1,8
738,src/test/java/org/apache/hadoop/hbase/constraint/TestConstraint,3,272
739,src/test/java/org/apache/hadoop/hbase/constraint/TestConstraints,1,169
740,src/test/java/org/apache/hadoop/hbase/constraint/WorksConstraint,0,6
741,src/test/java/org/apache/hadoop/hbase/coprocessor/ColumnAggregationEndpoint,0,32
742,src/test/java/org/apache/hadoop/hbase/coprocessor/ColumnAggregationProtocol,0,0
743,src/test/java/org/apache/hadoop/hbase/coprocessor/GenericEndpoint,0,6
744,src/test/java/org/apache/hadoop/hbase/coprocessor/GenericProtocol,0,0
745,src/test/java/org/apache/hadoop/hbase/coprocessor/SampleRegionWALObserver,0,58
746,src/test/java/org/apache/hadoop/hbase/coprocessor/SimpleRegionObserver,0,461
747,src/test/java/org/apache/hadoop/hbase/coprocessor/TestAggregateProtocol,1,1020
748,src/test/java/org/apache/hadoop/hbase/coprocessor/TestClassLoading,1,0
749,src/test/java/org/apache/hadoop/hbase/coprocessor/TestCoprocessorEndpoint,1,274
750,src/test/java/org/apache/hadoop/hbase/coprocessor/TestCoprocessorInterface,0,251
751,src/test/java/org/apache/hadoop/hbase/coprocessor/TestMasterCoprocessorExceptionWithAbort,0,87
752,src/test/java/org/apache/hadoop/hbase/coprocessor/TestMasterCoprocessorExceptionWithRemove,0,121
753,src/test/java/org/apache/hadoop/hbase/coprocessor/TestMasterObserver,1,329
754,src/test/java/org/apache/hadoop/hbase/coprocessor/TestRegionObserverBypass,1,246
755,src/test/java/org/apache/hadoop/hbase/coprocessor/TestRegionObserverInterface,1,662
756,src/test/java/org/apache/hadoop/hbase/coprocessor/TestRegionObserverStacking,0,92
757,src/test/java/org/apache/hadoop/hbase/coprocessor/TestRegionServerCoprocessorExceptionWithAbort,2,92
758,src/test/java/org/apache/hadoop/hbase/coprocessor/TestRegionServerCoprocessorExceptionWithRemove,1,60
759,src/test/java/org/apache/hadoop/hbase/coprocessor/TestWALObserver,0,0
760,src/test/java/org/apache/hadoop/hbase/executor/TestExecutorService,0,140
761,src/test/java/org/apache/hadoop/hbase/filter/TestBitComparator,0,136
762,src/test/java/org/apache/hadoop/hbase/filter/TestColumnPaginationFilter,0,63
763,src/test/java/org/apache/hadoop/hbase/filter/TestColumnPrefixFilter,0,263
764,src/test/java/org/apache/hadoop/hbase/filter/TestColumnRangeFilter,2,216
765,src/test/java/org/apache/hadoop/hbase/filter/TestDependentColumnFilter,0,417
766,src/test/java/org/apache/hadoop/hbase/filter/TestFilter,0,5411
767,src/test/java/org/apache/hadoop/hbase/filter/TestFilterList,0,368
768,src/test/java/org/apache/hadoop/hbase/filter/TestInclusiveStopFilter,0,86
769,src/test/java/org/apache/hadoop/hbase/filter/TestMultipleColumnPrefixFilter,0,341
770,src/test/java/org/apache/hadoop/hbase/filter/TestPageFilter,0,55
771,src/test/java/org/apache/hadoop/hbase/filter/TestParseFilter,0,749
772,src/test/java/org/apache/hadoop/hbase/filter/TestPrefixFilter,0,94
773,src/test/java/org/apache/hadoop/hbase/filter/TestRandomRowFilter,0,66
774,src/test/java/org/apache/hadoop/hbase/filter/TestSingleColumnValueExcludeFilter,0,108
775,src/test/java/org/apache/hadoop/hbase/filter/TestSingleColumnValueFilter,0,269
776,src/test/java/org/apache/hadoop/hbase/HBaseTestCase,0,0
777,src/test/java/org/apache/hadoop/hbase/HBaseTestingUtility,14,0
778,src/test/java/org/apache/hadoop/hbase/HFilePerformanceEvaluation,0,87
779,src/test/java/org/apache/hadoop/hbase/HServerLoad092,0,300
780,src/test/java/org/apache/hadoop/hbase/io/encoding/RedundantKVGenerator,0,290
781,src/test/java/org/apache/hadoop/hbase/io/encoding/TestBufferedDataBlockEncoder,0,32
782,src/test/java/org/apache/hadoop/hbase/io/encoding/TestChangingEncoding,0,334
783,src/test/java/org/apache/hadoop/hbase/io/encoding/TestDataBlockEncoders,0,372
784,src/test/java/org/apache/hadoop/hbase/io/encoding/TestEncodedSeekers,0,143
785,src/test/java/org/apache/hadoop/hbase/io/encoding/TestLoadAndSwitchEncodeOnDisk,0,63
786,src/test/java/org/apache/hadoop/hbase/io/encoding/TestUpgradeFromHFileV1ToEncoding,0,97
787,src/test/java/org/apache/hadoop/hbase/io/hfile/CacheTestUtils,0,261
788,src/test/java/org/apache/hadoop/hbase/io/hfile/KeySampler,0,67
789,src/test/java/org/apache/hadoop/hbase/io/hfile/KVGenerator,0,93
790,src/test/java/org/apache/hadoop/hbase/io/hfile/NanoTimer,0,158
791,src/test/java/org/apache/hadoop/hbase/io/hfile/RandomDistribution,0,3
792,src/test/java/org/apache/hadoop/hbase/io/hfile/RandomSeek,0,158
793,src/test/java/org/apache/hadoop/hbase/io/hfile/slab/TestSingleSizeCache,0,40
794,src/test/java/org/apache/hadoop/hbase/io/hfile/slab/TestSlab,0,67
795,src/test/java/org/apache/hadoop/hbase/io/hfile/slab/TestSlabCache,0,86
796,src/test/java/org/apache/hadoop/hbase/io/hfile/TestBlockCacheColumnFamilySummary,0,71
797,src/test/java/org/apache/hadoop/hbase/io/hfile/TestCachedBlockQueue,0,141
798,src/test/java/org/apache/hadoop/hbase/io/hfile/TestCacheOnWrite,2,399
799,src/test/java/org/apache/hadoop/hbase/io/hfile/TestChecksum,2,318
800,src/test/java/org/apache/hadoop/hbase/io/hfile/TestFixedFileTrailer,0,279
801,src/test/java/org/apache/hadoop/hbase/io/hfile/TestForceCacheImportantBlocks,0,194
802,src/test/java/org/apache/hadoop/hbase/io/hfile/TestHFile,0,434
803,src/test/java/org/apache/hadoop/hbase/io/hfile/TestHFileBlock,2,1010
804,src/test/java/org/apache/hadoop/hbase/io/hfile/TestHFileBlockCompatibility,0,408
805,src/test/java/org/apache/hadoop/hbase/io/hfile/TestHFileBlockIndex,5,902
806,src/test/java/org/apache/hadoop/hbase/io/hfile/TestHFileDataBlockEncoder,0,174
807,src/test/java/org/apache/hadoop/hbase/io/hfile/TestHFilePerformance,1,495
808,src/test/java/org/apache/hadoop/hbase/io/hfile/TestHFileReaderV1,0,84
809,src/test/java/org/apache/hadoop/hbase/io/hfile/TestHFileSeek,0,343
810,src/test/java/org/apache/hadoop/hbase/io/hfile/TestHFileWriterV2,2,360
811,src/test/java/org/apache/hadoop/hbase/io/hfile/TestLruBlockCache,0,793
812,src/test/java/org/apache/hadoop/hbase/io/hfile/TestReseekTo,1,88
813,src/test/java/org/apache/hadoop/hbase/io/hfile/TestScannerSelectionUsingTTL,0,167
814,src/test/java/org/apache/hadoop/hbase/io/hfile/TestSeekTo,1,225
815,src/test/java/org/apache/hadoop/hbase/io/TestHalfStoreFileReader,3,121
816,src/test/java/org/apache/hadoop/hbase/io/TestHbaseObjectWritable,1,570
817,src/test/java/org/apache/hadoop/hbase/io/TestHeapSize,0,212
818,src/test/java/org/apache/hadoop/hbase/io/TestImmutableBytesWritable,0,209
819,src/test/java/org/apache/hadoop/hbase/ipc/TestDelayedRpc,0,160
820,src/test/java/org/apache/hadoop/hbase/ipc/TestPBOnWritableRpc,0,62
821,src/test/java/org/apache/hadoop/hbase/KeyValueTestUtil,0,24
822,src/test/java/org/apache/hadoop/hbase/LargeTests,0,0
823,src/test/java/org/apache/hadoop/hbase/MapFilePerformanceEvaluation,0,87
824,src/test/java/org/apache/hadoop/hbase/mapred/TestTableInputFormat,0,208
825,src/test/java/org/apache/hadoop/hbase/mapred/TestTableMapReduce,2,258
826,src/test/java/org/apache/hadoop/hbase/mapreduce/MapreduceTestingShim,3,17
827,src/test/java/org/apache/hadoop/hbase/mapreduce/NMapInputFormat,0,0
828,src/test/java/org/apache/hadoop/hbase/mapreduce/TestHFileOutputFormat,2,0
829,src/test/java/org/apache/hadoop/hbase/mapreduce/TestHLogRecordReader,2,0
830,src/test/java/org/apache/hadoop/hbase/mapreduce/TestImportExport,6,289
831,src/test/java/org/apache/hadoop/hbase/mapreduce/TestImportTsv,2,302
832,src/test/java/org/apache/hadoop/hbase/mapreduce/TestLoadIncrementalHFiles,1,362
833,src/test/java/org/apache/hadoop/hbase/mapreduce/TestLoadIncrementalHFilesSplitRecovery,3,373
834,src/test/java/org/apache/hadoop/hbase/mapreduce/TestMultithreadedTableMapper,2,268
835,src/test/java/org/apache/hadoop/hbase/mapreduce/TestSimpleTotalOrderPartitioner,0,55
836,src/test/java/org/apache/hadoop/hbase/mapreduce/TestTableInputFormatScan,0,226
837,src/test/java/org/apache/hadoop/hbase/mapreduce/TestTableMapReduce,2,292
838,src/test/java/org/apache/hadoop/hbase/mapreduce/TestTableSplit,0,42
839,src/test/java/org/apache/hadoop/hbase/mapreduce/TestTimeRangeMapRed,0,220
840,src/test/java/org/apache/hadoop/hbase/mapreduce/TestWALPlayer,0,74
841,src/test/java/org/apache/hadoop/hbase/mapreduce/TsvImporterCustomTestMapper,0,69
842,src/test/java/org/apache/hadoop/hbase/master/TestActiveMasterManager,6,164
843,src/test/java/org/apache/hadoop/hbase/master/TestAssignmentManager,5,710
844,src/test/java/org/apache/hadoop/hbase/master/TestCatalogJanitor,8,329
845,src/test/java/org/apache/hadoop/hbase/master/TestClockSkewDetection,0,48
846,src/test/java/org/apache/hadoop/hbase/master/TestDeadServer,0,49
847,src/test/java/org/apache/hadoop/hbase/master/TestDefaultLoadBalancer,0,992
848,src/test/java/org/apache/hadoop/hbase/master/TestDistributedLogSplitting,4,650
849,src/test/java/org/apache/hadoop/hbase/master/TestHMasterRPCException,0,37
850,src/test/java/org/apache/hadoop/hbase/master/TestLogsCleaner,0,145
851,src/test/java/org/apache/hadoop/hbase/master/TestMaster,8,133
852,src/test/java/org/apache/hadoop/hbase/master/TestMasterFailover,8,978
853,src/test/java/org/apache/hadoop/hbase/master/TestMasterRestartAfterDisablingTable,6,126
854,src/test/java/org/apache/hadoop/hbase/master/TestMasterShutdown,5,60
855,src/test/java/org/apache/hadoop/hbase/master/TestMasterStatusServlet,0,228
856,src/test/java/org/apache/hadoop/hbase/master/TestMasterTransitions,1,134
857,src/test/java/org/apache/hadoop/hbase/master/TestMasterZKSessionRecovery,8,40
858,src/test/java/org/apache/hadoop/hbase/master/TestMXBean,0,117
859,src/test/java/org/apache/hadoop/hbase/master/TestOpenedRegionHandler,0,203
860,src/test/java/org/apache/hadoop/hbase/master/TestRestartCluster,0,142
861,src/test/java/org/apache/hadoop/hbase/master/TestRollingRestart,1,631
862,src/test/java/org/apache/hadoop/hbase/master/TestSplitLogManager,11,736
863,src/test/java/org/apache/hadoop/hbase/master/TestZKBasedOpenCloseRegion,1,402
864,src/test/java/org/apache/hadoop/hbase/MediumTests,0,0
865,src/test/java/org/apache/hadoop/hbase/metrics/TestExactCounterMetric,0,42
866,src/test/java/org/apache/hadoop/hbase/metrics/TestExponentiallyDecayingSample,0,67
867,src/test/java/org/apache/hadoop/hbase/metrics/TestMetricsHistogram,0,123
868,src/test/java/org/apache/hadoop/hbase/metrics/TestMetricsMBeanBase,0,128
869,src/test/java/org/apache/hadoop/hbase/migration/TestMigrationFrom090To092,0,29
870,src/test/java/org/apache/hadoop/hbase/MiniHBaseCluster,0,372
871,src/test/java/org/apache/hadoop/hbase/monitoring/TestMemoryBoundedLogMessageBuffer,0,71
872,src/test/java/org/apache/hadoop/hbase/monitoring/TestTaskMonitor,0,85
873,src/test/java/org/apache/hadoop/hbase/MultithreadedTestUtil,0,6
874,src/test/java/org/apache/hadoop/hbase/PerformanceEvaluation,1,0
875,src/test/java/org/apache/hadoop/hbase/PerformanceEvaluationCommons,0,0
876,src/test/java/org/apache/hadoop/hbase/regionserver/CreateRandomStoreFile,0,348
877,src/test/java/org/apache/hadoop/hbase/regionserver/DataBlockEncodingTool,0,664
878,src/test/java/org/apache/hadoop/hbase/regionserver/EncodedSeekPerformanceTest,0,214
879,src/test/java/org/apache/hadoop/hbase/regionserver/handler/TestCloseRegionHandler,0,169
880,src/test/java/org/apache/hadoop/hbase/regionserver/handler/TestOpenRegionHandler,0,111
881,src/test/java/org/apache/hadoop/hbase/regionserver/HFileReadWriteTest,1,944
882,src/test/java/org/apache/hadoop/hbase/regionserver/KeyValueScanFixture,0,19
883,src/test/java/org/apache/hadoop/hbase/regionserver/metrics/TestSchemaConfigured,0,287
884,src/test/java/org/apache/hadoop/hbase/regionserver/metrics/TestSchemaMetrics,0,291
885,src/test/java/org/apache/hadoop/hbase/regionserver/OOMERegionServer,0,23
886,src/test/java/org/apache/hadoop/hbase/regionserver/TestAtomicOperation,0,357
887,src/test/java/org/apache/hadoop/hbase/regionserver/TestBlocksRead,2,569
888,src/test/java/org/apache/hadoop/hbase/regionserver/TestColumnSeeking,0,410
889,src/test/java/org/apache/hadoop/hbase/regionserver/TestCompaction,0,990
890,src/test/java/org/apache/hadoop/hbase/regionserver/TestCompactSelection,0,482
891,src/test/java/org/apache/hadoop/hbase/regionserver/TestCompoundBloomFilter,3,562
892,src/test/java/org/apache/hadoop/hbase/regionserver/TestEndToEndSplitTransaction,4,108
893,src/test/java/org/apache/hadoop/hbase/regionserver/TestExplicitColumnTracker,0,255
894,src/test/java/org/apache/hadoop/hbase/regionserver/TestFSErrorsExposed,3,192
895,src/test/java/org/apache/hadoop/hbase/regionserver/TestGetClosestAtOrBefore,0,465
896,src/test/java/org/apache/hadoop/hbase/regionserver/TestHRegion,9,4982
897,src/test/java/org/apache/hadoop/hbase/regionserver/TestHRegionInfo,6,167
898,src/test/java/org/apache/hadoop/hbase/regionserver/TestHRegionOnCluster,0,127
899,src/test/java/org/apache/hadoop/hbase/regionserver/TestHRegionServerBulkLoad,3,223
900,src/test/java/org/apache/hadoop/hbase/regionserver/TestKeepDeletes,0,1129
901,src/test/java/org/apache/hadoop/hbase/regionserver/TestKeyValueHeap,0,470
902,src/test/java/org/apache/hadoop/hbase/regionserver/TestKeyValueScanFixture,0,61
903,src/test/java/org/apache/hadoop/hbase/regionserver/TestKeyValueSkipListSet,0,270
904,src/test/java/org/apache/hadoop/hbase/regionserver/TestMasterAddressManager,0,54
905,src/test/java/org/apache/hadoop/hbase/regionserver/TestMemStore,0,1277
906,src/test/java/org/apache/hadoop/hbase/regionserver/TestMemStoreLAB,0,159
907,src/test/java/org/apache/hadoop/hbase/regionserver/TestMinVersions,0,703
908,src/test/java/org/apache/hadoop/hbase/regionserver/TestMultiColumnScanner,0,481
909,src/test/java/org/apache/hadoop/hbase/regionserver/TestMXBean,0,39
910,src/test/java/org/apache/hadoop/hbase/regionserver/TestParallelPut,0,193
911,src/test/java/org/apache/hadoop/hbase/regionserver/TestQueryMatcher,0,453
912,src/test/java/org/apache/hadoop/hbase/regionserver/TestReadWriteConsistencyControl,0,58
913,src/test/java/org/apache/hadoop/hbase/regionserver/TestRegionServerMetrics,1,382
914,src/test/java/org/apache/hadoop/hbase/regionserver/TestRegionSplitPolicy,0,330
915,src/test/java/org/apache/hadoop/hbase/regionserver/TestResettingCounters,0,147
916,src/test/java/org/apache/hadoop/hbase/regionserver/TestRpcMetrics,0,68
917,src/test/java/org/apache/hadoop/hbase/regionserver/TestRSKilledWhenMasterInitializing,5,210
918,src/test/java/org/apache/hadoop/hbase/regionserver/TestRSStatusServlet,0,103
919,src/test/java/org/apache/hadoop/hbase/regionserver/TestScanDeleteTracker,0,163
920,src/test/java/org/apache/hadoop/hbase/regionserver/TestScanner,0,846
921,src/test/java/org/apache/hadoop/hbase/regionserver/TestScanWildcardColumnTracker,0,124
922,src/test/java/org/apache/hadoop/hbase/regionserver/TestScanWithBloomError,0,242
923,src/test/java/org/apache/hadoop/hbase/regionserver/TestSeekOptimizations,0,663
924,src/test/java/org/apache/hadoop/hbase/regionserver/TestServerCustomProtocol,2,342
925,src/test/java/org/apache/hadoop/hbase/regionserver/TestSplitLogWorker,0,438
926,src/test/java/org/apache/hadoop/hbase/regionserver/TestSplitTransaction,1,517
927,src/test/java/org/apache/hadoop/hbase/regionserver/TestSplitTransactionOnCluster,3,583
928,src/test/java/org/apache/hadoop/hbase/regionserver/TestStore,2,1134
929,src/test/java/org/apache/hadoop/hbase/regionserver/TestStoreFile,3,1485
930,src/test/java/org/apache/hadoop/hbase/regionserver/TestStoreFileBlockCacheSummary,1,133
931,src/test/java/org/apache/hadoop/hbase/regionserver/TestStoreScanner,0,939
932,src/test/java/org/apache/hadoop/hbase/regionserver/TestWideScanner,0,186
933,src/test/java/org/apache/hadoop/hbase/regionserver/wal/FaultySequenceFileLogReader,0,85
934,src/test/java/org/apache/hadoop/hbase/regionserver/wal/HLogPerformanceEvaluation,0,447
935,src/test/java/org/apache/hadoop/hbase/regionserver/wal/HLogUtilsForTests,0,9
936,src/test/java/org/apache/hadoop/hbase/regionserver/wal/InstrumentedSequenceFileLogWriter,0,29
937,src/test/java/org/apache/hadoop/hbase/regionserver/wal/TestCompressor,0,58
938,src/test/java/org/apache/hadoop/hbase/regionserver/wal/TestHLog,4,0
939,src/test/java/org/apache/hadoop/hbase/regionserver/wal/TestHLogBench,0,0
940,src/test/java/org/apache/hadoop/hbase/regionserver/wal/TestHLogMethods,0,0
941,src/test/java/org/apache/hadoop/hbase/regionserver/wal/TestHLogSplit,2,0
942,src/test/java/org/apache/hadoop/hbase/regionserver/wal/TestKeyValueCompression,0,98
943,src/test/java/org/apache/hadoop/hbase/regionserver/wal/TestLogRollAbort,6,162
944,src/test/java/org/apache/hadoop/hbase/regionserver/wal/TestLogRolling,1,0
945,src/test/java/org/apache/hadoop/hbase/regionserver/wal/TestLogRollingNoCluster,2,0
946,src/test/java/org/apache/hadoop/hbase/regionserver/wal/TestLRUDictionary,0,210
947,src/test/java/org/apache/hadoop/hbase/regionserver/wal/TestWALActionsListener,0,110
948,src/test/java/org/apache/hadoop/hbase/regionserver/wal/TestWALReplay,0,0
949,src/test/java/org/apache/hadoop/hbase/regionserver/wal/TestWALReplayCompressed,0,0
950,src/test/java/org/apache/hadoop/hbase/replication/regionserver/TestReplicationSink,0,292
951,src/test/java/org/apache/hadoop/hbase/replication/regionserver/TestReplicationSourceManager,0,250
952,src/test/java/org/apache/hadoop/hbase/replication/ReplicationSourceDummy,0,25
953,src/test/java/org/apache/hadoop/hbase/replication/TestMasterReplication,0,379
954,src/test/java/org/apache/hadoop/hbase/replication/TestMultiSlaveReplication,1,331
955,src/test/java/org/apache/hadoop/hbase/replication/TestReplication,0,945
956,src/test/java/org/apache/hadoop/hbase/replication/TestReplicationPeer,0,51
957,src/test/java/org/apache/hadoop/hbase/replication/TestReplicationSource,0,0
958,src/test/java/org/apache/hadoop/hbase/replication/TestReplicationZookeeper,0,51
959,src/test/java/org/apache/hadoop/hbase/ResourceChecker,2,228
960,src/test/java/org/apache/hadoop/hbase/ResourceCheckerJUnitRule,0,71
961,src/test/java/org/apache/hadoop/hbase/rest/client/TestRemoteAdmin,0,63
962,src/test/java/org/apache/hadoop/hbase/rest/client/TestRemoteTable,0,609
963,src/test/java/org/apache/hadoop/hbase/rest/HBaseRESTTestingUtility,0,78
964,src/test/java/org/apache/hadoop/hbase/rest/model/TestCellModel,0,81
965,src/test/java/org/apache/hadoop/hbase/rest/model/TestCellSetModel,0,167
966,src/test/java/org/apache/hadoop/hbase/rest/model/TestColumnSchemaModel,0,66
967,src/test/java/org/apache/hadoop/hbase/rest/model/TestRowModel,0,80
968,src/test/java/org/apache/hadoop/hbase/rest/model/TestScannerModel,0,113
969,src/test/java/org/apache/hadoop/hbase/rest/model/TestStorageClusterStatusModel,0,167
970,src/test/java/org/apache/hadoop/hbase/rest/model/TestStorageClusterVersionModel,0,46
971,src/test/java/org/apache/hadoop/hbase/rest/model/TestTableInfoModel,0,91
972,src/test/java/org/apache/hadoop/hbase/rest/model/TestTableListModel,0,85
973,src/test/java/org/apache/hadoop/hbase/rest/model/TestTableRegionModel,0,93
974,src/test/java/org/apache/hadoop/hbase/rest/model/TestTableSchemaModel,0,88
975,src/test/java/org/apache/hadoop/hbase/rest/model/TestVersionModel,0,74
976,src/test/java/org/apache/hadoop/hbase/rest/PerformanceEvaluation,0,563
977,src/test/java/org/apache/hadoop/hbase/rest/TestGzipFilter,0,178
978,src/test/java/org/apache/hadoop/hbase/rest/TestMultiRowResource,0,132
979,src/test/java/org/apache/hadoop/hbase/rest/TestRowResource,0,689
980,src/test/java/org/apache/hadoop/hbase/rest/TestScannerResource,0,403
981,src/test/java/org/apache/hadoop/hbase/rest/TestScannersWithFilters,3,3050
982,src/test/java/org/apache/hadoop/hbase/rest/TestSchemaResource,0,157
983,src/test/java/org/apache/hadoop/hbase/rest/TestStatusResource,0,143
984,src/test/java/org/apache/hadoop/hbase/rest/TestTableResource,3,323
985,src/test/java/org/apache/hadoop/hbase/rest/TestVersionResource,0,209
986,src/test/java/org/apache/hadoop/hbase/security/TestUser,6,66
987,src/test/java/org/apache/hadoop/hbase/SmallTests,0,0
988,src/test/java/org/apache/hadoop/hbase/TestAcidGuarantees,0,217
989,src/test/java/org/apache/hadoop/hbase/TestClusterBootOrder,0,93
990,src/test/java/org/apache/hadoop/hbase/TestCompare,0,96
991,src/test/java/org/apache/hadoop/hbase/TestDrainingServer,2,211
992,src/test/java/org/apache/hadoop/hbase/TestFSTableDescriptorForceCreation,0,53
993,src/test/java/org/apache/hadoop/hbase/TestFullLogReconstruction,1,84
994,src/test/java/org/apache/hadoop/hbase/TestGlobalMemStoreSize,1,251
995,src/test/java/org/apache/hadoop/hbase/TestHBaseTestingUtility,1,0
996,src/test/java/org/apache/hadoop/hbase/TestHRegionLocation,0,97
997,src/test/java/org/apache/hadoop/hbase/TestHServerAddress,0,72
998,src/test/java/org/apache/hadoop/hbase/TestHServerInfo,0,133
999,src/test/java/org/apache/hadoop/hbase/TestHTableDescriptor,1,25
1000,src/test/java/org/apache/hadoop/hbase/TestInfoServers,1,140
1001,src/test/java/org/apache/hadoop/hbase/TestKeyValue,5,840
1002,src/test/java/org/apache/hadoop/hbase/TestMultiVersions,1,360
1003,src/test/java/org/apache/hadoop/hbase/TestRegionRebalancing,1,341
1004,src/test/java/org/apache/hadoop/hbase/TestSerialization,0,846
1005,src/test/java/org/apache/hadoop/hbase/TestServerName,0,83
1006,src/test/java/org/apache/hadoop/hbase/TestZooKeeper,5,329
1007,src/test/java/org/apache/hadoop/hbase/thrift/TestCallQueue,0,134
1008,src/test/java/org/apache/hadoop/hbase/thrift/TestThriftServer,3,704
1009,src/test/java/org/apache/hadoop/hbase/thrift/TestThriftServerCmdLine,0,262
1010,src/test/java/org/apache/hadoop/hbase/thrift2/TestThriftHBaseServiceHandler,0,886
1011,src/test/java/org/apache/hadoop/hbase/TimestampTestBase,0,234
1012,src/test/java/org/apache/hadoop/hbase/util/EnvironmentEdgeManagerTestHelper,0,8
1013,src/test/java/org/apache/hadoop/hbase/util/hbck/HbckTestingUtil,0,41
1014,src/test/java/org/apache/hadoop/hbase/util/hbck/OfflineMetaRebuildTestCore,3,380
1015,src/test/java/org/apache/hadoop/hbase/util/hbck/TestOfflineMetaRebuildBase,0,86
1016,src/test/java/org/apache/hadoop/hbase/util/hbck/TestOfflineMetaRebuildHole,0,76
1017,src/test/java/org/apache/hadoop/hbase/util/hbck/TestOfflineMetaRebuildOverlap,0,89
1018,src/test/java/org/apache/hadoop/hbase/util/LoadTestKVGenerator,0,67
1019,src/test/java/org/apache/hadoop/hbase/util/LoadTestTool,0,406
1020,src/test/java/org/apache/hadoop/hbase/util/MockRegionServerServices,0,92
1021,src/test/java/org/apache/hadoop/hbase/util/MockServer,0,70
1022,src/test/java/org/apache/hadoop/hbase/util/MultiThreadedAction,0,125
1023,src/test/java/org/apache/hadoop/hbase/util/MultiThreadedReader,0,130
1024,src/test/java/org/apache/hadoop/hbase/util/MultiThreadedWriter,0,170
1025,src/test/java/org/apache/hadoop/hbase/util/ProcessBasedLocalHBaseCluster,0,446
1026,src/test/java/org/apache/hadoop/hbase/util/RestartMetaTest,0,161
1027,src/test/java/org/apache/hadoop/hbase/util/TestBase64,0,58
1028,src/test/java/org/apache/hadoop/hbase/util/TestByteBloomFilter,0,259
1029,src/test/java/org/apache/hadoop/hbase/util/TestByteBufferUtils,0,426
1030,src/test/java/org/apache/hadoop/hbase/util/TestBytes,0,473
1031,src/test/java/org/apache/hadoop/hbase/util/TestCompressionTest,0,74
1032,src/test/java/org/apache/hadoop/hbase/util/TestDefaultEnvironmentEdge,0,34
1033,src/test/java/org/apache/hadoop/hbase/util/TestEnvironmentEdgeManager,0,43
1034,src/test/java/org/apache/hadoop/hbase/util/TestFSTableDescriptors,0,456
1035,src/test/java/org/apache/hadoop/hbase/util/TestFSUtils,0,214
1036,src/test/java/org/apache/hadoop/hbase/util/TestHBaseFsck,11,1329
1037,src/test/java/org/apache/hadoop/hbase/util/TestHBaseFsckComparator,0,160
1038,src/test/java/org/apache/hadoop/hbase/util/TestIdLock,0,56
1039,src/test/java/org/apache/hadoop/hbase/util/TestIncrementingEnvironmentEdge,0,18
1040,src/test/java/org/apache/hadoop/hbase/util/TestKeying,0,37
1041,src/test/java/org/apache/hadoop/hbase/util/TestLoadTestKVGenerator,0,78
1042,src/test/java/org/apache/hadoop/hbase/util/TestMergeTable,0,231
1043,src/test/java/org/apache/hadoop/hbase/util/TestMergeTool,0,416
1044,src/test/java/org/apache/hadoop/hbase/util/TestMiniClusterLoadEncoded,0,19
1045,src/test/java/org/apache/hadoop/hbase/util/TestMiniClusterLoadParallel,0,38
1046,src/test/java/org/apache/hadoop/hbase/util/TestMiniClusterLoadSequential,0,168
1047,src/test/java/org/apache/hadoop/hbase/util/TestPoolMap,0,6
1048,src/test/java/org/apache/hadoop/hbase/util/TestRegionSplitCalculator,0,620
1049,src/test/java/org/apache/hadoop/hbase/util/TestRegionSplitter,0,555
1050,src/test/java/org/apache/hadoop/hbase/util/TestRootPath,0,35
1051,src/test/java/org/apache/hadoop/hbase/util/TestSortedCopyOnWriteSet,0,119
1052,src/test/java/org/apache/hadoop/hbase/util/TestThreads,0,68
1053,src/test/java/org/apache/hadoop/hbase/zookeeper/TestHQuorumPeer,0,177
1054,src/test/java/org/apache/hadoop/hbase/zookeeper/TestZKLeaderManager,1,202
1055,src/test/java/org/apache/hadoop/hbase/zookeeper/TestZKTable,5,100
1056,src/test/java/org/apache/hadoop/hbase/zookeeper/TestZooKeeperACL,1,296
1057,src/test/java/org/apache/hadoop/hbase/zookeeper/TestZooKeeperMainServerArg,0,31
1058,src/test/java/org/apache/hadoop/hbase/zookeeper/TestZooKeeperNodeTracker,0,188
